<?xml version="1.0" encoding="UTF-8" ?>
<!DOCTYPE mapper
PUBLIC "-//mybatis.org//DTD Mapper 3.0//EN"
"http://mybatis.org/dtd/mybatis-3-mapper.dtd">
<mapper namespace="com.awise.produce.mapper.AwProcesstemplateMapper">
    
    <resultMap type="AwProcesstemplate" id="AwProcesstemplateResult">
        <result property="id"    column="id"    />
        <result property="name"    column="name"    />
        <result property="content"    column="content"    />
        <result property="diagramURL"    column="diagramURL"    />
        <result property="usedTooling"    column="usedTooling"    />
        <result property="preparationHours"    column="preparationHours"    />
        <result property="taktTime"    column="taktTime"    />
        <result property="laborCost"    column="laborCost"    />
        <result property="outsourcing"    column="outsourcing"    />
        <result property="status"    column="status"    />
    </resultMap>

    <sql id="selectAwProcesstemplateVo">
        select id, name, content, diagramURL, usedTooling, preparationHours, taktTime, laborCost, outsourcing, status from aw_processtemplate
    </sql>

    <select id="selectAwProcesstemplateList" parameterType="AwProcesstemplate" resultMap="AwProcesstemplateResult">
        <include refid="selectAwProcesstemplateVo"/>
        <where>  
            <if test="name != null  and name != ''"> and name like concat('%', #{name}, '%')</if>
            <if test="content != null  and content != ''"> and content = #{content}</if>
            <if test="diagramURL != null  and diagramURL != ''"> and diagramURL = #{diagramURL}</if>
            <if test="usedTooling != null  and usedTooling != ''"> and usedTooling = #{usedTooling}</if>
            <if test="preparationHours != null  and preparationHours != ''"> and preparationHours = #{preparationHours}</if>
            <if test="taktTime != null  and taktTime != ''"> and taktTime = #{taktTime}</if>
            <if test="laborCost != null  and laborCost != ''"> and laborCost = #{laborCost}</if>
            <if test="outsourcing != null  and outsourcing != ''"> and outsourcing = #{outsourcing}</if>
            <if test="status != null  and status != ''"> and status = #{status}</if>
        </where>
    </select>
    
    <select id="selectAwProcesstemplateById" parameterType="Long" resultMap="AwProcesstemplateResult">
        <include refid="selectAwProcesstemplateVo"/>
        where id = #{id}
    </select>
        
    <insert id="insertAwProcesstemplate" parameterType="AwProcesstemplate">
        insert into aw_processtemplate
        <trim prefix="(" suffix=")" suffixOverrides=",">
            <if test="id != null">id,</if>
            <if test="name != null and name != ''">name,</if>
            <if test="content != null and content != ''">content,</if>
            <if test="diagramURL != null">diagramURL,</if>
            <if test="usedTooling != null and usedTooling != ''">usedTooling,</if>
            <if test="preparationHours != null and preparationHours != ''">preparationHours,</if>
            <if test="taktTime != null and taktTime != ''">taktTime,</if>
            <if test="laborCost != null and laborCost != ''">laborCost,</if>
            <if test="outsourcing != null and outsourcing != ''">outsourcing,</if>
            <if test="status != null and status != ''">status,</if>
         </trim>
        <trim prefix="values (" suffix=")" suffixOverrides=",">
            <if test="id != null">#{id},</if>
            <if test="name != null and name != ''">#{name},</if>
            <if test="content != null and content != ''">#{content},</if>
            <if test="diagramURL != null">#{diagramURL},</if>
            <if test="usedTooling != null and usedTooling != ''">#{usedTooling},</if>
            <if test="preparationHours != null and preparationHours != ''">#{preparationHours},</if>
            <if test="taktTime != null and taktTime != ''">#{taktTime},</if>
            <if test="laborCost != null and laborCost != ''">#{laborCost},</if>
            <if test="outsourcing != null and outsourcing != ''">#{outsourcing},</if>
            <if test="status != null and status != ''">#{status},</if>
         </trim>
    </insert>

    <update id="updateAwProcesstemplate" parameterType="AwProcesstemplate">
        update aw_processtemplate
        <trim prefix="SET" suffixOverrides=",">
            <if test="name != null and name != ''">name = #{name},</if>
            <if test="content != null and content != ''">content = #{content},</if>
            <if test="diagramURL != null">diagramURL = #{diagramURL},</if>
            <if test="usedTooling != null and usedTooling != ''">usedTooling = #{usedTooling},</if>
            <if test="preparationHours != null and preparationHours != ''">preparationHours = #{preparationHours},</if>
            <if test="taktTime != null and taktTime != ''">taktTime = #{taktTime},</if>
            <if test="laborCost != null and laborCost != ''">laborCost = #{laborCost},</if>
            <if test="outsourcing != null and outsourcing != ''">outsourcing = #{outsourcing},</if>
            <if test="status != null and status != ''">status = #{status},</if>
        </trim>
        where id = #{id}
    </update>

    <delete id="deleteAwProcesstemplateById" parameterType="Long">
        delete from aw_processtemplate where id = #{id}
    </delete>

    <delete id="deleteAwProcesstemplateByIds" parameterType="String">
        delete from aw_processtemplate where id in 
        <foreach item="id" collection="array" open="(" separator="," close=")">
            #{id}
        </foreach>
    </delete>
</mapper>