<?xml version="1.0" encoding="UTF-8" ?>
<!DOCTYPE mapper
PUBLIC "-//mybatis.org//DTD Mapper 3.0//EN"
"http://mybatis.org/dtd/mybatis-3-mapper.dtd">
<mapper namespace="com.awise.comprehensive.mapper.AwCustomMapper">
    
    <resultMap type="AwCustom" id="AwCustomResult">
        <result property="ID"    column="ID"    />
        <result property="Name"    column="Name"    />
        <result property="NameAbbrevation"    column="NameAbbrevation"    />
        <result property="UnifiedCreditCode"    column="UnifiedCreditCode"    />
        <result property="certificateURL"    column="certificateURL"    />
        <result property="cityid"    column="cityid"    />
        <result property="address"    column="address"    />
        <result property="notes"    column="notes"    />
        <result property="type"    column="type"    />
        <result property="isdel"    column="isdel"    />
    </resultMap>

    <sql id="selectAwCustomVo">
        select ID, Name, NameAbbrevation, UnifiedCreditCode, certificateURL, cityid, address, notes, type, isdel from aw_partner
    </sql>

    <select id="selectAwCustomList" parameterType="AwCustom" resultMap="AwCustomResult">
        <include refid="selectAwCustomVo"/>
        <where>  
            <if test="Name != null  and Name != ''"> and Name like concat('%', #{Name}, '%')</if>
            <if test="NameAbbrevation != null  and NameAbbrevation != ''"> and NameAbbrevation like concat('%', #{NameAbbrevation}, '%')</if>
            <if test="UnifiedCreditCode != null  and UnifiedCreditCode != ''"> and UnifiedCreditCode like concat('%', #{UnifiedCreditCode}, '%')</if>
            <if test="certificateURL != null  and certificateURL != ''"> and certificateURL = #{certificateURL}</if>
            <if test="cityid != null "> and cityid = #{cityid}</if>
            <if test="address != null  and address != ''"> and address = #{address}</if>
            <if test="notes != null  and notes != ''"> and notes = #{notes}</if>
            <if test="type != null "> and type like concat('%', #{type}, '%')</if>
        </where>
    </select>
    
    <select id="selectAwCustomByID" parameterType="String" resultMap="AwCustomResult">
        <include refid="selectAwCustomVo"/>
        where ID = #{ID}
    </select>
        
    <insert id="insertAwCustom" parameterType="AwCustom">
        insert into aw_partner
        <trim prefix="(" suffix=")" suffixOverrides=",">
            <if test="ID != null">ID,</if>
            <if test="Name != null and Name != ''">Name,</if>
            <if test="NameAbbrevation != null and NameAbbrevation != ''">NameAbbrevation,</if>
            <if test="UnifiedCreditCode != null and UnifiedCreditCode != ''">UnifiedCreditCode,</if>
            <if test="certificateURL != null">certificateURL,</if>
            <if test="cityid != null">cityid,</if>
            <if test="address != null">address,</if>
            <if test="notes != null">notes,</if>
            <if test="type != null">type,</if>
            <if test="isdel != null and isdel != ''">isdel,</if>
         </trim>
        <trim prefix="values (" suffix=")" suffixOverrides=",">
            <if test="ID != null">#{ID},</if>
            <if test="Name != null and Name != ''">#{Name},</if>
            <if test="NameAbbrevation != null and NameAbbrevation != ''">#{NameAbbrevation},</if>
            <if test="UnifiedCreditCode != null and UnifiedCreditCode != ''">#{UnifiedCreditCode},</if>
            <if test="certificateURL != null">#{certificateURL},</if>
            <if test="cityid != null">#{cityid},</if>
            <if test="address != null">#{address},</if>
            <if test="notes != null">#{notes},</if>
            <if test="type != null">#{type},</if>
            <if test="isdel != null and isdel != ''">#{isdel},</if>
         </trim>
    </insert>

    <update id="updateAwCustom" parameterType="AwCustom">
        update aw_partner
        <trim prefix="SET" suffixOverrides=",">
            <if test="Name != null and Name != ''">Name = #{Name},</if>
            <if test="NameAbbrevation != null and NameAbbrevation != ''">NameAbbrevation = #{NameAbbrevation},</if>
            <if test="UnifiedCreditCode != null and UnifiedCreditCode != ''">UnifiedCreditCode = #{UnifiedCreditCode},</if>
            <if test="certificateURL != null">certificateURL = #{certificateURL},</if>
            <if test="cityid != null">cityid = #{cityid},</if>
            <if test="address != null">address = #{address},</if>
            <if test="notes != null">notes = #{notes},</if>
            <if test="type != null">type = #{type},</if>
            <if test="isdel != null and isdel != ''">isdel = #{isdel},</if>
        </trim>
        where ID = #{ID}
    </update>

    <delete id="deleteAwCustomByID" parameterType="String">
        delete from aw_partner where ID = #{ID}
    </delete>

    <delete id="deleteAwCustomByIDs" parameterType="String">
        delete from aw_partner where ID in 
        <foreach item="ID" collection="array" open="(" separator="," close=")">
            #{ID}
        </foreach>
    </delete>
</mapper>