<?xml version="1.0" encoding="UTF-8" ?>
<!DOCTYPE mapper
PUBLIC "-//mybatis.org//DTD Mapper 3.0//EN"
"http://mybatis.org/dtd/mybatis-3-mapper.dtd">
<mapper namespace="com.awise.quality.mapper.AwFinishedproductinspectionMapper">
    
    <resultMap type="AwFinishedproductinspection" id="AwFinishedproductinspectionResult">
        <result property="id"    column="id"    />
        <result property="nameOfQualityInspection"    column="nameOfQualityInspection"    />
        <result property="productionTasksID"    column="productionTasksID"    />
        <result property="productID"    column="productID"    />
        <result property="detectionQuantity"    column="detectionQuantity"    />
        <result property="qualifiedQuantity"    column="qualifiedQuantity"    />
        <result property="unqualifiedQuantity"    column="unqualifiedQuantity"    />
        <result property="testDate"    column="testDate"    />
        <result property="testResult"    column="testResult"    />
        <result property="testingPersonnel"    column="testingPersonnel"    />
        <result property="notes"    column="notes"    />
    </resultMap>

    <sql id="selectAwFinishedproductinspectionVo">
        select id, nameOfQualityInspection, productionTasksID, productID, detectionQuantity, qualifiedQuantity, unqualifiedQuantity, testDate, testResult, testingPersonnel, notes from aw_finishedproductinspection
    </sql>

    <select id="selectAwFinishedproductinspectionList" parameterType="AwFinishedproductinspection" resultMap="AwFinishedproductinspectionResult">
        <include refid="selectAwFinishedproductinspectionVo"/>
        <where>  
            <if test="nameOfQualityInspection != null  and nameOfQualityInspection != ''"> and nameOfQualityInspection = #{nameOfQualityInspection}</if>
            <if test="testDate != null "> and testDate = #{testDate}</if>
            <if test="testResult != null  and testResult != ''"> and testResult = #{testResult}</if>
            <if test="testingPersonnel != null  and testingPersonnel != ''"> and testingPersonnel = #{testingPersonnel}</if>
        </where>
    </select>
    
    <select id="selectAwFinishedproductinspectionById" parameterType="Long" resultMap="AwFinishedproductinspectionResult">
        <include refid="selectAwFinishedproductinspectionVo"/>
        where id = #{id}
    </select>
        
    <insert id="insertAwFinishedproductinspection" parameterType="AwFinishedproductinspection">
        insert into aw_finishedproductinspection
        <trim prefix="(" suffix=")" suffixOverrides=",">
            <if test="id != null">id,</if>
            <if test="nameOfQualityInspection != null and nameOfQualityInspection != ''">nameOfQualityInspection,</if>
            <if test="productionTasksID != null">productionTasksID,</if>
            <if test="productID != null and productID != ''">productID,</if>
            <if test="detectionQuantity != null">detectionQuantity,</if>
            <if test="qualifiedQuantity != null">qualifiedQuantity,</if>
            <if test="unqualifiedQuantity != null">unqualifiedQuantity,</if>
            <if test="testDate != null">testDate,</if>
            <if test="testResult != null and testResult != ''">testResult,</if>
            <if test="testingPersonnel != null and testingPersonnel != ''">testingPersonnel,</if>
            <if test="notes != null">notes,</if>
         </trim>
        <trim prefix="values (" suffix=")" suffixOverrides=",">
            <if test="id != null">#{id},</if>
            <if test="nameOfQualityInspection != null and nameOfQualityInspection != ''">#{nameOfQualityInspection},</if>
            <if test="productionTasksID != null">#{productionTasksID},</if>
            <if test="productID != null and productID != ''">#{productID},</if>
            <if test="detectionQuantity != null">#{detectionQuantity},</if>
            <if test="qualifiedQuantity != null">#{qualifiedQuantity},</if>
            <if test="unqualifiedQuantity != null">#{unqualifiedQuantity},</if>
            <if test="testDate != null">#{testDate},</if>
            <if test="testResult != null and testResult != ''">#{testResult},</if>
            <if test="testingPersonnel != null and testingPersonnel != ''">#{testingPersonnel},</if>
            <if test="notes != null">#{notes},</if>
         </trim>
    </insert>

    <update id="updateAwFinishedproductinspection" parameterType="AwFinishedproductinspection">
        update aw_finishedproductinspection
        <trim prefix="SET" suffixOverrides=",">
            <if test="nameOfQualityInspection != null and nameOfQualityInspection != ''">nameOfQualityInspection = #{nameOfQualityInspection},</if>
            <if test="productionTasksID != null">productionTasksID = #{productionTasksID},</if>
            <if test="productID != null and productID != ''">productID = #{productID},</if>
            <if test="detectionQuantity != null">detectionQuantity = #{detectionQuantity},</if>
            <if test="qualifiedQuantity != null">qualifiedQuantity = #{qualifiedQuantity},</if>
            <if test="unqualifiedQuantity != null">unqualifiedQuantity = #{unqualifiedQuantity},</if>
            <if test="testDate != null">testDate = #{testDate},</if>
            <if test="testResult != null and testResult != ''">testResult = #{testResult},</if>
            <if test="testingPersonnel != null and testingPersonnel != ''">testingPersonnel = #{testingPersonnel},</if>
            <if test="notes != null">notes = #{notes},</if>
        </trim>
        where id = #{id}
    </update>

    <delete id="deleteAwFinishedproductinspectionById" parameterType="Long">
        delete from aw_finishedproductinspection where id = #{id}
    </delete>

    <delete id="deleteAwFinishedproductinspectionByIds" parameterType="String">
        delete from aw_finishedproductinspection where id in 
        <foreach item="id" collection="array" open="(" separator="," close=")">
            #{id}
        </foreach>
    </delete>
</mapper>