<?xml version="1.0" encoding="UTF-8" ?>
<!DOCTYPE mapper
PUBLIC "-//mybatis.org//DTD Mapper 3.0//EN"
"http://mybatis.org/dtd/mybatis-3-mapper.dtd">
<mapper namespace="com.awise.produce.mapper.AwProductiontasksMapper">
    
    <resultMap type="AwProductiontasks" id="AwProductiontasksResult">
        <result property="id"    column="id"    />
        <result property="productionTasksFormID"    column="productionTasksFormID"    />
        <result property="serialNum"    column="serialNum"    />
        <result property="processingTechnologyID"    column="processingTechnologyID"    />
        <result property="saleOrderID"    column="saleOrderID"    />
        <result property="outsourced"    column="outsourced"    />
        <result property="notes"    column="notes"    />
        <result property="status"    column="status"    />
    </resultMap>

    <sql id="selectAwProductiontasksVo">
        select id, productionTasksFormID, serialNum, processingTechnologyID, saleOrderID, outsourced, notes, status from aw_productiontasks
    </sql>

    <select id="selectAwProductiontasksList" parameterType="AwProductiontasks" resultMap="AwProductiontasksResult">
        <include refid="selectAwProductiontasksVo"/>
        <where>  
            <if test="productionTasksFormID != null "> and productionTasksFormID = #{productionTasksFormID}</if>
            <if test="serialNum != null "> and serialNum = #{serialNum}</if>
            <if test="processingTechnologyID != null  and processingTechnologyID != ''"> and processingTechnologyID = #{processingTechnologyID}</if>
            <if test="saleOrderID != null  and saleOrderID != ''"> and saleOrderID = #{saleOrderID}</if>
            <if test="outsourced != null  and outsourced != ''"> and outsourced = #{outsourced}</if>
            <if test="notes != null  and notes != ''"> and notes = #{notes}</if>
            <if test="status != null  and status != ''"> and status = #{status}</if>
        </where>
    </select>
    
    <select id="selectAwProductiontasksById" parameterType="Long" resultMap="AwProductiontasksResult">
        <include refid="selectAwProductiontasksVo"/>
        where id = #{id}
    </select>
        
    <insert id="insertAwProductiontasks" parameterType="AwProductiontasks" useGeneratedKeys="true" keyProperty="id">
        insert into aw_productiontasks
        <trim prefix="(" suffix=")" suffixOverrides=",">
            <if test="productionTasksFormID != null">productionTasksFormID,</if>
            <if test="serialNum != null">serialNum,</if>
            <if test="processingTechnologyID != null and processingTechnologyID != ''">processingTechnologyID,</if>
            <if test="saleOrderID != null and saleOrderID != ''">saleOrderID,</if>
            <if test="outsourced != null and outsourced != ''">outsourced,</if>
            <if test="notes != null">notes,</if>
            <if test="status != null and status != ''">status,</if>
         </trim>
        <trim prefix="values (" suffix=")" suffixOverrides=",">
            <if test="productionTasksFormID != null">#{productionTasksFormID},</if>
            <if test="serialNum != null">#{serialNum},</if>
            <if test="processingTechnologyID != null and processingTechnologyID != ''">#{processingTechnologyID},</if>
            <if test="saleOrderID != null and saleOrderID != ''">#{saleOrderID},</if>
            <if test="outsourced != null and outsourced != ''">#{outsourced},</if>
            <if test="notes != null">#{notes},</if>
            <if test="status != null and status != ''">#{status},</if>
         </trim>
    </insert>

    <update id="updateAwProductiontasks" parameterType="AwProductiontasks">
        update aw_productiontasks
        <trim prefix="SET" suffixOverrides=",">
            <if test="productionTasksFormID != null">productionTasksFormID = #{productionTasksFormID},</if>
            <if test="serialNum != null">serialNum = #{serialNum},</if>
            <if test="processingTechnologyID != null and processingTechnologyID != ''">processingTechnologyID = #{processingTechnologyID},</if>
            <if test="saleOrderID != null and saleOrderID != ''">saleOrderID = #{saleOrderID},</if>
            <if test="outsourced != null and outsourced != ''">outsourced = #{outsourced},</if>
            <if test="notes != null">notes = #{notes},</if>
            <if test="status != null and status != ''">status = #{status},</if>
        </trim>
        where id = #{id}
    </update>

    <delete id="deleteAwProductiontasksById" parameterType="Long">
        delete from aw_productiontasks where id = #{id}
    </delete>

    <delete id="deleteAwProductiontasksByIds" parameterType="String">
        delete from aw_productiontasks where id in 
        <foreach item="id" collection="array" open="(" separator="," close=")">
            #{id}
        </foreach>
    </delete>
</mapper>