<?xml version="1.0" encoding="UTF-8" ?>
<!DOCTYPE mapper
PUBLIC "-//mybatis.org//DTD Mapper 3.0//EN"
"http://mybatis.org/dtd/mybatis-3-mapper.dtd">
<mapper namespace="com.awise.order.mapper.AwSaleorderMapper">
    
    <resultMap type="AwSaleorder" id="AwSaleorderResult">
        <result property="id"    column="id"    />
        <result property="createtime"    column="createtime"    />
        <result property="createUseID"    column="createUseID"    />
        <result property="number"    column="number"    />
        <result property="requiredDeliveryTime"    column="requiredDeliveryTime"    />
        <result property="customerID"    column="customerID"    />
        <result property="productID"    column="productID"    />
        <result property="contractID"    column="contractID"    />
        <result property="invoiceID"    column="invoiceID"    />
        <result property="state"    column="state"    />
        <result property="isDel"    column="isDel"    />
    </resultMap>

    <sql id="selectAwSaleorderVo">
        select id, createtime, createUseID, number, requiredDeliveryTime, customerID, productID, contractID, invoiceID, state, isDel from aw_saleorder
    </sql>

    <select id="selectAwSaleorderList" parameterType="AwSaleorder" resultMap="AwSaleorderResult">
        <include refid="selectAwSaleorderVo"/>
        <where>  
            <if test="createtime != null "> and createtime = #{createtime}</if>
            <if test="requiredDeliveryTime != null  and requiredDeliveryTime != ''"> and requiredDeliveryTime = #{requiredDeliveryTime}</if>
        </where>
    </select>
    
    <select id="selectAwSaleorderById" parameterType="String" resultMap="AwSaleorderResult">
        <include refid="selectAwSaleorderVo"/>
        where id = #{id}
    </select>
        
    <insert id="insertAwSaleorder" parameterType="AwSaleorder">
        insert into aw_saleorder
        <trim prefix="(" suffix=")" suffixOverrides=",">
            <if test="id != null">id,</if>
            <if test="createtime != null">createtime,</if>
            <if test="createUseID != null and createUseID != ''">createUseID,</if>
            <if test="number != null">number,</if>
            <if test="requiredDeliveryTime != null and requiredDeliveryTime != ''">requiredDeliveryTime,</if>
            <if test="customerID != null and customerID != ''">customerID,</if>
            <if test="productID != null and productID != ''">productID,</if>
            <if test="contractID != null">contractID,</if>
            <if test="invoiceID != null">invoiceID,</if>
            <if test="state != null and state != ''">state,</if>
            <if test="isDel != null and isDel != ''">isDel,</if>
         </trim>
        <trim prefix="values (" suffix=")" suffixOverrides=",">
            <if test="id != null">#{id},</if>
            <if test="createtime != null">#{createtime},</if>
            <if test="createUseID != null and createUseID != ''">#{createUseID},</if>
            <if test="number != null">#{number},</if>
            <if test="requiredDeliveryTime != null and requiredDeliveryTime != ''">#{requiredDeliveryTime},</if>
            <if test="customerID != null and customerID != ''">#{customerID},</if>
            <if test="productID != null and productID != ''">#{productID},</if>
            <if test="contractID != null">#{contractID},</if>
            <if test="invoiceID != null">#{invoiceID},</if>
            <if test="state != null and state != ''">#{state},</if>
            <if test="isDel != null and isDel != ''">#{isDel},</if>
         </trim>
    </insert>

    <update id="updateAwSaleorder" parameterType="AwSaleorder">
        update aw_saleorder
        <trim prefix="SET" suffixOverrides=",">
            <if test="createtime != null">createtime = #{createtime},</if>
            <if test="createUseID != null and createUseID != ''">createUseID = #{createUseID},</if>
            <if test="number != null">number = #{number},</if>
            <if test="requiredDeliveryTime != null and requiredDeliveryTime != ''">requiredDeliveryTime = #{requiredDeliveryTime},</if>
            <if test="customerID != null and customerID != ''">customerID = #{customerID},</if>
            <if test="productID != null and productID != ''">productID = #{productID},</if>
            <if test="contractID != null">contractID = #{contractID},</if>
            <if test="invoiceID != null">invoiceID = #{invoiceID},</if>
            <if test="state != null and state != ''">state = #{state},</if>
            <if test="isDel != null and isDel != ''">isDel = #{isDel},</if>
        </trim>
        where id = #{id}
    </update>

    <delete id="deleteAwSaleorderById" parameterType="String">
        delete from aw_saleorder where id = #{id}
    </delete>

    <delete id="deleteAwSaleorderByIds" parameterType="String">
        delete from aw_saleorder where id in 
        <foreach item="id" collection="array" open="(" separator="," close=")">
            #{id}
        </foreach>
    </delete>
</mapper>