<?xml version="1.0" encoding="UTF-8" ?>
<!DOCTYPE mapper
PUBLIC "-//mybatis.org//DTD Mapper 3.0//EN"
"http://mybatis.org/dtd/mybatis-3-mapper.dtd">
<mapper namespace="com.storage.specificationsid.mapper.AwSpecificationsidMapper">
    
    <resultMap type="AwSpecificationsid" id="AwSpecificationsidResult">
        <result property="id"    column="id"    />
        <result property="type"    column="type"    />
        <result property="specificationModel"    column="specificationModel"    />
    </resultMap>

    <sql id="selectAwSpecificationsidVo">
        select id, type, specificationModel from aw_specificationsid
    </sql>

    <select id="selectAwSpecificationsidList" parameterType="AwSpecificationsid" resultMap="AwSpecificationsidResult">
        <include refid="selectAwSpecificationsidVo"/>
        <where>  
            <if test="type != null  and type != ''"> and type like concat('%', #{type}, '%')</if>
            <if test="specificationModel != null  and specificationModel != ''"> and specificationModel like concat('%', #{specificationModel}, '%')</if>
        </where>
    </select>
    
    <select id="selectAwSpecificationsidById" parameterType="String" resultMap="AwSpecificationsidResult">
        <include refid="selectAwSpecificationsidVo"/>
        where id = #{id}
    </select>
        
    <insert id="insertAwSpecificationsid" parameterType="AwSpecificationsid">
        insert into aw_specificationsid
        <trim prefix="(" suffix=")" suffixOverrides=",">
            <if test="id != null">id,</if>
            <if test="type != null">type,</if>
            <if test="specificationModel != null">specificationModel,</if>
         </trim>
        <trim prefix="values (" suffix=")" suffixOverrides=",">
            <if test="id != null">#{id},</if>
            <if test="type != null">#{type},</if>
            <if test="specificationModel != null">#{specificationModel},</if>
         </trim>
    </insert>

    <update id="updateAwSpecificationsid" parameterType="AwSpecificationsid">
        update aw_specificationsid
        <trim prefix="SET" suffixOverrides=",">
            <if test="type != null">type = #{type},</if>
            <if test="specificationModel != null">specificationModel = #{specificationModel},</if>
        </trim>
        where id = #{id}
    </update>

    <delete id="deleteAwSpecificationsidById" parameterType="String">
        delete from aw_specificationsid where id = #{id}
    </delete>

    <delete id="deleteAwSpecificationsidByIds" parameterType="String">
        delete from aw_specificationsid where id in 
        <foreach item="id" collection="array" open="(" separator="," close=")">
            #{id}
        </foreach>
    </delete>
</mapper>