<?xml version="1.0" encoding="UTF-8" ?>
<!DOCTYPE mapper
PUBLIC "-//mybatis.org//DTD Mapper 3.0//EN"
"http://mybatis.org/dtd/mybatis-3-mapper.dtd">
<mapper namespace="com.awise.produce.mapper.DetailproductoutboundMapper">
    
    <resultMap type="Detailproductoutbound" id="DetailproductoutboundResult">
        <result property="id"    column="id"    />
        <result property="deliveryNoteID"    column="deliveryNoteID"    />
        <result property="productID"    column="productID"    />
        <result property="productname"    column="productname"    />
        <result property="shippingInspectionID"    column="shippingInspectionID"    />
        <result property="shipmentQuantity"    column="shipmentQuantity"    />
        <result property="detectionQuantity"    column="detectionQuantity"    />
        <result property="qualifiedQuantity"    column="qualifiedQuantity"    />
        <result property="unqualifiedQuantity"    column="unqualifiedQuantity"    />
        <result property="testResult"    column="testResult"    />
        <result property="testDate"    column="testDate"    />
        <result property="testingPersonnel"    column="testingPersonnel"    />
        <result property="receiptQuantity"    column="receiptQuantity"    />
        <result property="contractID"    column="contractID"    />
        <result property="customname"    column="customname"    />
    </resultMap>

    <sql id="selectDetailproductoutboundVo">
        select id, deliveryNoteID, productID, productname, shippingInspectionID, shipmentQuantity, detectionQuantity, qualifiedQuantity, unqualifiedQuantity, testResult, testDate, testingPersonnel, receiptQuantity, contractID, customname from detailproductoutbound
    </sql>

    <select id="selectDetailproductoutboundList" parameterType="Detailproductoutbound" resultMap="DetailproductoutboundResult">
        <include refid="selectDetailproductoutboundVo"/>
        <where>  
            <if test="deliveryNoteID != null  and deliveryNoteID != ''"> and deliveryNoteID = #{deliveryNoteID}</if>
            <if test="productID != null  and productID != ''"> and productID = #{productID}</if>
            <if test="productname != null  and productname != ''"> and productname like concat('%', #{productname}, '%')</if>
            <if test="shippingInspectionID != null  and shippingInspectionID != ''"> and shippingInspectionID = #{shippingInspectionID}</if>
            <if test="shipmentQuantity != null "> and shipmentQuantity = #{shipmentQuantity}</if>
            <if test="detectionQuantity != null "> and detectionQuantity = #{detectionQuantity}</if>
            <if test="qualifiedQuantity != null "> and qualifiedQuantity = #{qualifiedQuantity}</if>
            <if test="unqualifiedQuantity != null "> and unqualifiedQuantity = #{unqualifiedQuantity}</if>
            <if test="testResult != null  and testResult != ''"> and testResult = #{testResult}</if>
            <if test="testDate != null "> and testDate = #{testDate}</if>
            <if test="testingPersonnel != null  and testingPersonnel != ''"> and testingPersonnel = #{testingPersonnel}</if>
            <if test="receiptQuantity != null "> and receiptQuantity = #{receiptQuantity}</if>
            <if test="contractID != null  and contractID != ''"> and contractID = #{contractID}</if>
            <if test="customname != null  and customname != ''"> and customname like concat('%', #{customname}, '%')</if>
        </where>
    </select>
    
    <select id="selectDetailproductoutboundById" parameterType="Long" resultMap="DetailproductoutboundResult">
        <include refid="selectDetailproductoutboundVo"/>
        where id = #{id}
    </select>
        
    <insert id="insertDetailproductoutbound" parameterType="Detailproductoutbound">
        insert into detailproductoutbound
        <trim prefix="(" suffix=")" suffixOverrides=",">
            <if test="id != null">id,</if>
            <if test="deliveryNoteID != null and deliveryNoteID != ''">deliveryNoteID,</if>
            <if test="productID != null and productID != ''">productID,</if>
            <if test="productname != null">productname,</if>
            <if test="shippingInspectionID != null and shippingInspectionID != ''">shippingInspectionID,</if>
            <if test="shipmentQuantity != null">shipmentQuantity,</if>
            <if test="detectionQuantity != null">detectionQuantity,</if>
            <if test="qualifiedQuantity != null">qualifiedQuantity,</if>
            <if test="unqualifiedQuantity != null">unqualifiedQuantity,</if>
            <if test="testResult != null and testResult != ''">testResult,</if>
            <if test="testDate != null">testDate,</if>
            <if test="testingPersonnel != null and testingPersonnel != ''">testingPersonnel,</if>
            <if test="receiptQuantity != null">receiptQuantity,</if>
            <if test="contractID != null and contractID != ''">contractID,</if>
            <if test="customname != null and customname != ''">customname,</if>
         </trim>
        <trim prefix="values (" suffix=")" suffixOverrides=",">
            <if test="id != null">#{id},</if>
            <if test="deliveryNoteID != null and deliveryNoteID != ''">#{deliveryNoteID},</if>
            <if test="productID != null and productID != ''">#{productID},</if>
            <if test="productname != null">#{productname},</if>
            <if test="shippingInspectionID != null and shippingInspectionID != ''">#{shippingInspectionID},</if>
            <if test="shipmentQuantity != null">#{shipmentQuantity},</if>
            <if test="detectionQuantity != null">#{detectionQuantity},</if>
            <if test="qualifiedQuantity != null">#{qualifiedQuantity},</if>
            <if test="unqualifiedQuantity != null">#{unqualifiedQuantity},</if>
            <if test="testResult != null and testResult != ''">#{testResult},</if>
            <if test="testDate != null">#{testDate},</if>
            <if test="testingPersonnel != null and testingPersonnel != ''">#{testingPersonnel},</if>
            <if test="receiptQuantity != null">#{receiptQuantity},</if>
            <if test="contractID != null and contractID != ''">#{contractID},</if>
            <if test="customname != null and customname != ''">#{customname},</if>
         </trim>
    </insert>

    <update id="updateDetailproductoutbound" parameterType="Detailproductoutbound">
        update detailproductoutbound
        <trim prefix="SET" suffixOverrides=",">
            <if test="deliveryNoteID != null and deliveryNoteID != ''">deliveryNoteID = #{deliveryNoteID},</if>
            <if test="productID != null and productID != ''">productID = #{productID},</if>
            <if test="productname != null">productname = #{productname},</if>
            <if test="shippingInspectionID != null and shippingInspectionID != ''">shippingInspectionID = #{shippingInspectionID},</if>
            <if test="shipmentQuantity != null">shipmentQuantity = #{shipmentQuantity},</if>
            <if test="detectionQuantity != null">detectionQuantity = #{detectionQuantity},</if>
            <if test="qualifiedQuantity != null">qualifiedQuantity = #{qualifiedQuantity},</if>
            <if test="unqualifiedQuantity != null">unqualifiedQuantity = #{unqualifiedQuantity},</if>
            <if test="testResult != null and testResult != ''">testResult = #{testResult},</if>
            <if test="testDate != null">testDate = #{testDate},</if>
            <if test="testingPersonnel != null and testingPersonnel != ''">testingPersonnel = #{testingPersonnel},</if>
            <if test="receiptQuantity != null">receiptQuantity = #{receiptQuantity},</if>
            <if test="contractID != null and contractID != ''">contractID = #{contractID},</if>
            <if test="customname != null and customname != ''">customname = #{customname},</if>
        </trim>
        where id = #{id}
    </update>

    <delete id="deleteDetailproductoutboundById" parameterType="Long">
        delete from detailproductoutbound where id = #{id}
    </delete>

    <delete id="deleteDetailproductoutboundByIds" parameterType="String">
        delete from detailproductoutbound where id in 
        <foreach item="id" collection="array" open="(" separator="," close=")">
            #{id}
        </foreach>
    </delete>
</mapper>